date,year_quarter,year,quarter,gdp_index,gdp_growth_qoq_pct,education_spending_index,public_investment_index,business_investment_index,productivity_index,real_wage_index,unemployment_rate,inflation_rate,policy_rate,consumer_confidence,exports_index,policy_outcome_index,price_level_index,nominal_wage_index,crisis_shock,education_spending_with_na,constant_one
1993-01-01,1993-Q1,1993,1,100.0,0.4,100.0,100.0,100.0,100.0,100.0,9.5,2.2,4.0,100.0,100.0,100.0,100.0,100.0,0,100.0,1
1993-04-01,1993-Q2,1993,2,100.02379283233375,0.02379283233376346,100.42985577961002,99.96664132933961,96.4938818592061,91.35305938701005,96.24539373206206,7.456036734573631,1.4780605552004251,3.8238439169866667,94.17374656688857,100.35196552404452,85.22521811312022,100.3695151388001,101.65635595283331,0,100.42985577961002,1
1993-07-01,1993-Q3,1993,3,100.08146833961621,0.05766178790993806,101.01232075013903,100.10381642923892,93.21733782223662,84.6027852894453,92.69532871778007,5.802640044203943,0.7753999917128119,3.4219659689357838,88.75694415201333,100.10779021245703,75.66451012536356,100.56408144181721,102.51697554196956,0,101.01232075013903,1
1993-10-01,1993-Q4,1993,4,99.88326317204567,-0.19804382455496422,101.23153695580214,100.21411698947583,90.9491380874987,80.16917532919683,88.51612036371989,4.758618987667849,0.20246117317465318,3.034463617811179,86.80577337062323,100.36937544120204,69.25227202367722,100.61498224658706,103.67161055521025,0,101.23153695580214,1
1994-01-01,1994-Q1,1994,1,100.16797506070476,0.2850446407309427,101.46467928881071,100.73806367003986,89.30524073843998,76.94608483505374,84.9051294031332,4.0,-0.2713403948515309,2.605760453853434,85.38343691818888,101.30149800963285,65.24543117429977,100.54672997406014,103.80739257021075,0,101.46467928881071,1
1994-04-01,1994-Q2,1994,2,100.11554159035174,-0.05234554289557426,102.41473605508605,102.56947533457507,88.86859240579537,74.93232864628081,81.65648046792728,4.0,0.02026276801773219,2.178319646294719,83.34504865839683,101.32414424425265,62.8063901838121,100.55182336172115,104.32773332086626,0,102.41473605508605,1
1994-07-01,1994-Q3,1994,3,100.25689381368083,0.1411890912077027,102.35727646853054,103.37275438535717,89.5418145014767,73.28495477051628,78.8491786442255,4.0,-0.2715246458977701,2.1413430790688084,81.84975554477306,102.09433170712171,61.45578145396192,100.48356761613948,104.72327831782134,0,102.35727646853054,1
1994-10-01,1994-Q4,1994,4,99.91310699904918,-0.34290591056067454,102.61721186186892,103.48142624807559,89.17832367986232,72.07375748603215,76.09427063069072,4.0,0.02249695518305528,1.6843422714989422,81.27760078417735,101.6666001015831,60.885998570056636,100.48921905193271,105.3223898202338,0,102.61721186186892,1
1995-01-01,1995-Q1,1995,1,99.84665717376434,-0.06650761574801534,102.91161392209256,103.65546956824599,89.62198197208099,71.3697653290924,73.23850771624258,4.0,-0.17810093964276458,1.4078668130103187,81.31028398678009,101.7322221190991,60.74822732119702,100.44447599108992,105.51480801240318,0,102.91161392209256,1
1995-04-01,1995-Q2,1995,2,99.89858428229253,0.05200685731304265,103.0851596880957,103.297264790792,89.77948375809709,70.26013295625556,71.4058161971845,4.0,-0.8,1.348064974065497,80.03258125126762,101.53172013122513,60.475137380558294,100.24358703910774,105.58752524949426,0,103.0851596880957,1
1995-07-01,1995-Q3,1995,3,100.30389445536339,0.40572163858251503,103.50647039520688,104.28602815777519,91.08913137902022,69.9737085335515,69.86146194077236,4.0,-0.8,0.9795213209866314,81.10555118543424,101.67124529245802,60.65543230695341,100.04309986502952,105.52539087891786,0,103.50647039520688,1
1995-10-01,1995-Q4,1995,4,100.2515328839637,-0.0522029295911276,103.88780518296603,104.80648887209274,92.2078389983722,69.54252612673706,68.24887466977594,4.0,-0.5906518664541787,1.0382744312340235,81.20556079561936,101.87412784766663,60.36271909782217,99.89537325587666,105.98028111545173,0,103.88780518296603,1
1996-01-01,1996-Q1,1996,1,100.43250171508707,0.18051477709854474,103.44930257645281,104.9548187579579,91.70056744204318,69.12601267253189,66.91515995747083,4.0,-0.8,0.9549137361962313,82.34301553007366,101.96427049226938,61.04598198623149,99.69558250936491,105.9763976055893,0,103.44930257645281,1
1996-04-01,1996-Q2,1996,2,100.87304158368669,0.4386427312637966,103.32526663666198,105.05800582872078,91.09575895194774,69.70764015522145,65.62039555632435,4.0,-0.6732330059241135,0.8320017543753866,82.01516820757436,102.99285669359719,60.89778635592737,99.52778661763958,106.22170978344069,0,103.32526663666198,1
1996-07-01,1996-Q3,1996,3,101.05863448894749,0.1839866255116641,103.16221585747793,105.09310828691584,91.85646047054502,69.75206510170334,64.87444113073386,4.0,-0.3087107120677507,0.847105463773981,81.30404649250627,102.89229619057136,61.50505994330675,99.45097338294643,106.19462394356515,0,103.16221585747793,1
1996-10-01,1996-Q4,1996,4,101.06054836240673,0.001893824776993444,103.35617350330934,105.99499563647704,92.3547094157677,69.67383586625368,64.07073642536191,4.0,-0.3321736672218149,0.7828704415733694,81.72188573959924,103.32844298979144,61.11283980396186,99.36838589660294,106.42926483235802,0,103.35617350330934,1
1997-01-01,1997-Q1,1997,1,101.21803615772414,0.15583508883471292,103.31905405056395,106.53486810336842,93.25485659767148,69.75748636296959,63.68780769363723,4.0,-0.46078796918824927,0.7152756211559693,83.33378600150475,103.1141364770392,61.54912755288736,99.25391650475592,106.41403249461526,0,103.31905405056395,1
1997-04-01,1997-Q2,1997,2,101.62081309297936,0.397930003924976,102.90878185822434,107.39383994514708,93.33020636607046,69.8238519550413,63.03157164324352,4.0,-0.31595575051271274,0.7799597901885137,83.38652828198978,103.29974077389264,60.94850733855896,99.17551689055446,106.7829252048739,0,,1
1997-07-01,1997-Q3,1997,3,102.23661902334315,0.6059840613559583,102.85940762560583,107.73457911241684,93.15026975246924,70.25887761746262,62.66722607460535,4.0,-0.2991068052123341,0.7194164637727415,83.01958824616408,103.01562622796945,60.36292563050259,99.10135671052342,107.03524103617346,0,102.85940762560583,1
1997-10-01,1997-Q4,1997,4,102.19650218292529,-0.03923920880902329,103.09849324283067,107.56398562242879,93.85283133445677,70.32078101114689,62.59971422908012,4.0,-0.056499511867526164,0.7380332392348465,82.65678613996481,102.9046511109158,59.45135170141119,99.08735876482453,107.07822203843199,0,103.09849324283067,1
1998-01-01,1998-Q1,1998,1,102.45489533571956,0.2528395270630415,103.50922142182716,107.04720918534377,94.05462015232226,70.39176167486907,62.05018197173292,4.0,0.040114788096060394,1.0623981366695068,83.28090088202688,102.93617218272965,60.14202338155999,99.09729593582416,106.71564384764176,0,103.50922142182716,1
1998-04-01,1998-Q2,1998,2,102.71703440236773,0.25585802004794145,104.14455944568482,106.93249444653931,93.06804595534476,70.62370733194876,62.32375110749566,4.0,-0.26267101508309865,1.1298149676795846,82.9485932723541,102.77398564800374,59.57519832052586,99.03222096753554,106.77133455835171,0,104.14455944568482,1
1998-07-01,1998-Q3,1998,3,102.64438492932887,-0.07072777505849343,104.24653162963048,106.73393187478923,92.48300340273275,70.79963809499358,62.398369618833705,4.0,-0.24757654989651603,1.190399303185593,83.0028448603639,102.94765340237433,59.80713050404491,98.97092582854621,106.8944111866065,0,104.24653162963048,1
1998-10-01,1998-Q4,1998,4,102.21918760821903,-0.41424313799784385,104.69440038247163,106.67650989168284,93.21988510590359,71.0025856400949,62.4317208787913,4.0,-0.536377252335311,1.2645542689042453,82.88191355486111,103.1620666662792,60.10126944001879,98.83821144540372,107.06121673173976,0,104.69440038247163,1
1999-01-01,1999-Q1,1999,1,102.37315867276224,0.15062833910729043,104.9354081692218,106.85392856189746,93.09701012228258,70.7809732479011,62.41641948770499,4.0,-0.5254588808029621,1.0786693011502275,82.13288643835268,103.32847430384959,60.07134222347211,98.70837290548704,106.73794280321661,0,104.9354081692218,1
1999-04-01,1999-Q2,1999,2,102.73907945599238,0.35743820741119164,104.93044292805882,106.46900833379718,93.52299016310464,71.12365161087556,63.05193121712383,4.0,-0.4250519152709213,1.343648461468484,82.41568155870182,104.07829896410674,60.16034659997332,98.60348244809515,106.7272985451994,0,104.93044292805882,1
1999-07-01,1999-Q3,1999,3,102.85015531508836,0.10811451658330201,105.9643076112562,106.8448284472286,94.1253647542689,71.24359306143475,63.06058535215917,4.0,-0.21835907333316795,1.3546446827690126,82.93206557416184,104.5165065256495,60.97180393439332,98.54965503545817,106.6223299410012,0,105.9643076112562,1
1999-10-01,1999-Q4,1999,4,102.80210535559189,-0.04671841218835996,106.03707375479647,106.75511176951395,93.32717521858856,71.0601651451386,63.526910008493104,4.0,-0.39166146959175774,1.5250149031279403,82.749693875994,104.50869810931792,61.77101857664029,98.4531597786608,106.55408836489124,0,106.03707375479647,1
2000-01-01,2000-Q1,2000,1,103.03895229454908,0.23039113658025254,105.99555428332908,106.45326572591576,92.66363322843355,71.68918372725767,63.85370353736521,4.0,-0.4740290833809931,1.3784885207127717,82.99981531684693,105.01424503922634,60.76362296566726,98.3364856259462,106.28996471854295,0,105.99555428332908,1
2000-04-01,2000-Q2,2000,2,103.47987399930608,0.4279174961878236,106.27835425272539,107.42671273136386,92.44234400248348,71.46940596672444,63.811591137231595,4.0,-0.5270514602299259,1.5186648276290773,83.44267988250459,104.81061815035116,60.78884029616315,98.20691465508861,106.1425950399169,0,106.27835425272539,1
2000-07-01,2000-Q3,2000,3,103.56519088809092,0.08244780891926534,106.78246956182825,107.0765702393842,92.92351733484405,71.34040675592236,63.86842743269754,4.0,-0.2601829177116427,1.4782541421628455,82.75055064610494,105.20753725019458,61.0927286640571,98.14303525110256,105.89129528327727,0,106.78246956182825,1
2000-10-01,2000-Q4,2000,4,103.54312159163794,-0.021309569618642193,107.29802288616348,107.18367699422208,93.79784007184148,70.7728939224445,63.8340677418001,4.0,-0.32140850467933424,1.7552579059815963,81.99267491942474,105.46463119517657,61.75671088782285,98.06417523559068,106.06769010538856,0,107.29802288616348,1
2001-01-01,2001-Q1,2001,1,103.86883170537092,0.3145647037932098,107.80201621644935,106.9959347600017,94.26263782569468,71.32261287104188,63.84930604880946,4.0,-0.030501522563667838,1.8039929468525835,81.77644772712584,105.63109560502828,61.94530658850332,98.05669746895659,106.46250247296489,0,107.80201621644935,1
2001-04-01,2001-Q2,2001,2,104.19430806497348,0.31335324972730927,107.66757220469783,106.25980723616779,94.94760204722755,71.6905146311682,64.27203429966471,4.0,-0.15439957892267503,1.6661887430211708,82.80015571320945,105.72323439441615,62.585890813471565,98.01884768695719,106.09472096357605,0,107.66757220469783,1
2001-07-01,2001-Q3,2001,3,104.60761374061835,0.39666818977016066,107.65674629907828,107.36288936951912,93.67220660561243,71.880947878794,64.55889119839922,4.0,0.011458766601534637,1.6630636623070496,83.07225909719021,105.44841289305876,62.95425611016173,98.02165562470267,106.14640391028333,0,107.65674629907828,1
2001-10-01,2001-Q4,2001,4,104.81681927632206,0.19999073511270085,108.8100855899739,107.68657763834739,92.61726549951852,71.95119330999466,64.76130111852463,4.0,0.25129555676783616,1.925289735344592,82.63518005548748,105.61101379887832,62.35739717622467,98.08323664101647,105.72720017354409,0,108.8100855899739,1
2002-01-01,2002-Q1,2002,1,105.32881732525307,0.48846936251830075,109.1948645894273,107.72937046369972,91.79927027340852,72.59558305352644,65.1843921340218,4.0,-0.14622759766696425,1.9177153021246562,82.98385791646818,106.25370282315549,62.97494186373886,98.04738045085293,105.71897591153424,0,109.1948645894273,1
2002-04-01,2002-Q2,2002,2,105.45383891472494,0.1186964713425045,110.19532840224609,108.57210774413478,92.48287170977176,72.6183760887637,65.10395264969324,4.0,-0.34509242986592503,1.8661798278246011,81.95279232875932,106.46026877035307,63.00090036046137,97.96279192894849,105.61024844305435,0,110.19532840224609,1
2002-07-01,2002-Q3,2002,3,105.58826863777787,0.127477315606911,110.88679351793094,109.3984615466615,92.48740659650187,72.7767953958256,64.84105805696339,4.0,-0.36650633221052076,1.769142446158805,81.96713143179873,106.54740330240622,62.564777811427525,97.87303197004104,106.01397390652467,0,110.88679351793094,1
2002-10-01,2002-Q4,2002,4,105.7525260548662,0.15556407847903492,111.2521600404578,109.86470574508293,92.96453227267054,73.21698148172298,65.21003901232608,4.0,-0.6602695834967736,1.4831034854682226,81.9375519433943,106.60628261436494,63.221694465268435,97.71147550490497,106.31177002488256,0,111.2521600404578,1
2003-01-01,2003-Q1,2003,1,106.48655394465366,0.6940996278487483,111.71173062196804,109.86372559213972,93.98947119325874,73.67756324830302,65.50842097975952,4.0,-0.8,1.1442484899839884,81.13357874131758,107.62665090607443,63.90281391163303,97.51605255389516,106.09856007953623,0,111.71173062196804,1
2003-04-01,2003-Q2,2003,2,106.89971899859903,0.38799739369922104,111.9007850607682,110.1247059265848,95.02878557103311,73.855827142475,65.89477315601223,4.0,-0.6242708800810074,1.0504150335431472,82.04149290309942,108.38119263179182,64.42850978044616,97.36386147402055,106.44905754434288,0,111.9007850607682,1
2003-07-01,2003-Q3,2003,3,107.08708776139083,0.17527526222427542,112.11747550150818,110.32650087002332,95.03614367373149,74.11036931627649,66.1470656308998,4.0,-0.5101055436760253,1.235252605670007,82.93359460034769,108.5859666700617,64.89528283814714,97.23969686029155,106.41678771232958,0,112.11747550150818,1
2003-10-01,2003-Q4,2003,4,107.55865485151435,0.440358496977933,113.10574919480145,110.3814768255971,95.43639609329661,74.77494492969574,66.8020623249994,4.0,-0.7963610556940551,1.3092651296728097,82.70895021730844,108.84871026233996,64.62142274498746,97.04610209117396,106.70950143874231,0,113.10574919480145,1
2004-01-01,2004-Q1,2004,1,108.01052380154371,0.4201139839961403,113.2226333406307,111.05689432167422,95.86486461807215,74.43494166979353,66.92677968267779,4.0,-0.8,1.17347190225291,82.56321266422707,109.32840408183758,65.34137423811534,96.85200988699161,106.95356184828144,0,113.2226333406307,1
2004-04-01,2004-Q2,2004,2,107.94610089757593,-0.05964502504047425,113.05569105266723,111.70494297794048,95.43915503969012,75.06775513253712,67.10779257306342,4.0,-0.6878496407751981,1.446527352814404,81.85960715993829,109.5191992564147,65.8650634554483,96.68546083646879,106.51282159154941,0,113.05569105266723,1
2004-07-01,2004-Q3,2004,3,108.27185834008768,0.30177786858724576,112.8997370989731,111.27562980647407,95.5985886045741,75.29374327722776,67.2303414227767,4.0,-0.5028524525917037,0.8542546365333021,81.64578066516596,110.01383929081402,66.10439505089185,96.56391453368984,106.44032003655865,0,112.8997370989731,1
2004-10-01,2004-Q4,2004,4,108.82010116903999,0.506357642103327,112.91458538019033,110.89975896870095,95.45944666047345,76.0450011317345,67.06888092469164,4.0,-0.4334275302586389,0.8671505832609666,80.29480562298083,110.13124939321229,65.93742759640655,96.45928088621872,106.48699067123972,0,112.91458538019033,1
2005-01-01,2005-Q1,2005,1,109.35022933867421,0.4871601514234378,114.01790818302193,110.51803093842211,95.50152293505597,75.89805365155142,67.4264334191871,4.0,-0.36110697888168275,0.9258153668087018,81.27093570462701,110.57896179937718,66.49999555870721,96.37220058745392,106.57932843941701,0,,1
2005-04-01,2005-Q2,2005,2,109.47492353483997,0.11403194755044746,114.15859458583965,110.25383190207226,94.98403282136546,75.75650268747825,67.50364139243342,4.0,-0.4611771225473937,1.0217868716493548,81.20285245050316,110.42895355442337,66.47974931888753,96.26108895205272,106.7268290243388,0,114.15859458583965,1
2005-07-01,2005-Q3,2005,3,109.99355567314366,0.4737451477996467,114.79808734649414,109.24047119917479,96.0660709531593,75.2957970218596,67.08719486466346,4.0,-0.24842271364181726,1.11998112531156,81.47292044520223,110.53501205433906,66.72304713580824,96.20130534971376,106.0944035266557,0,114.79808734649414,1
2005-10-01,2005-Q4,2005,4,110.00972790568011,0.014702890944368302,115.20735565724054,109.59906392505297,95.73324629952398,75.73439193105003,66.75093815965064,4.0,-0.5289885066204298,1.0409968383873007,81.15638545704847,110.87881991621639,66.66871097256436,96.07408188758406,106.40023499554572,0,115.20735565724054,1
2006-01-01,2006-Q1,2006,1,110.78095952399167,0.7010576546219573,115.42998616299852,110.23768343902927,96.19267267060009,75.95046879552974,66.91950422407844,4.0,-0.36274968844339084,0.986455880997921,81.7721221401967,111.0902686173948,66.98859314663827,95.98695477940355,106.29972707339749,0,115.42998616299852,1
2006-04-01,2006-Q2,2006,2,110.84463775080455,0.05748120172140736,115.12928353895155,110.1016956811957,95.11110478547214,75.94285173177012,67.15468989628395,4.0,-0.45652153102935394,1.1771418293001619,81.35050548141253,111.86740294417193,67.04140856709596,95.8774045005167,106.24835078750793,0,115.12928353895155,1
2006-07-01,2006-Q3,2006,3,111.2615125136622,0.3760892464594096,115.87898282443116,110.11851694737658,94.46320693772896,75.91315913574867,67.27051238692131,4.0,-0.2583687295814775,1.2518004922971624,82.25825442044551,112.21968716996281,66.83892966041535,95.81547519252578,106.40134517595692,0,115.87898282443116,1
2006-10-01,2006-Q4,2006,4,111.12362124799851,-0.12393437995617945,116.48178348046864,109.95909630480438,94.98104234161579,76.29500948866671,66.88058515406827,4.0,-0.14536283156790963,1.660976660493372,82.84836753415654,112.45683875174106,67.54809543971362,95.78065517057075,106.32589669587831,0,116.48178348046864,1
2007-01-01,2007-Q1,2007,1,111.0143530307874,-0.09833032435763595,116.65089690290644,109.60616527320397,95.5846127469796,76.45118584854822,67.35915920305968,4.0,-0.3562699460328972,1.5685960076061796,82.32198125661047,112.566573437147,68.52989115898396,95.69534574844921,106.60740922666487,0,116.65089690290644,1
2007-04-01,2007-Q2,2007,2,110.84216975184171,-0.1551000156690971,116.82800058517131,110.01480692088728,95.3179346735634,76.73301987008466,67.58871379706987,4.0,-0.27508689950037574,1.511608425227024,81.37576721503642,112.03918747174987,68.29396374689227,95.62953440855281,106.67988934564771,0,116.82800058517131,1
2007-07-01,2007-Q3,2007,3,111.00049249618219,0.14283620096480498,116.72749436236158,110.03068606136628,95.69029559770453,77.282434342117,67.62422714678111,4.0,-0.32067349253889993,1.5474623868750494,80.43047743034346,111.88759372472828,68.04464206111108,95.55286976658117,106.67281412142698,0,116.72749436236158,1
2007-10-01,2007-Q4,2007,4,111.03785059130699,0.03365579222640051,116.34605688967635,111.13541927053402,95.12457199918464,77.55105538790778,67.8597711122253,4.0,-0.4367278964088415,1.510475377628333,81.2415688278718,112.41377460394312,68.41976105018865,95.4485432570587,106.7552807565784,0,116.34605688967635,1
2008-01-01,2008-Q1,2008,1,111.4104798037662,0.33558755908444887,116.57661941977189,112.90351098070606,94.49435659792442,77.38304886777382,67.96527390237455,4.0,-0.45098535956376334,1.359564067797184,82.02198346906775,111.83997209221792,68.90124459100231,95.34092851805714,106.92459198817144,0,116.57661941977189,1
2008-04-01,2008-Q2,2008,2,111.58948107047429,0.1606682486453505,116.28105198593343,113.28359292195731,95.77918939179165,77.66659962016098,68.40152991495046,4.0,-0.5497444683904107,1.3052469237753492,81.97806586612177,112.01016499926999,68.65196949845945,95.20989564789713,106.5686146171351,0,116.28105198593343,1
2008-07-01,2008-Q3,2008,3,111.86478392493767,0.24671039942331946,116.22553355225992,114.16420622729508,96.04968109043539,77.51914177346372,68.64856249032303,4.0,-0.5480913436957716,0.9477480464303001,82.6761951768655,111.24592356000078,69.22226231389547,95.07943634880016,107.3308331073682,0,116.22553355225992,1
2008-10-01,2008-Q4,2008,4,111.77985888499384,-0.07591758278531505,116.4492863133458,112.16861022742566,95.70670240352302,77.16624357823615,68.41215598199052,4.152360014071329,-0.2772666901022136,0.5716257858546391,78.82935110021216,110.30991990855605,68.65995108935812,95.01353044726712,107.0376971296748,1,116.4492863133458,1
2009-01-01,2009-Q1,2009,1,112.14139200044202,0.3234331471290886,116.44569800127329,110.08487452189796,93.41576617061452,77.5193544511669,68.93198817787868,4.170943669423432,-0.2986730589302997,0.18932684792778232,73.46563350153254,109.09194278190228,68.45953823483924,94.94258549282098,107.03169120978276,1,116.44569800127329,1
2009-04-01,2009-Q2,2009,2,112.39216601889042,0.22362306546667554,117.34807020448714,110.28052367121414,93.83800074922867,77.58171889834789,69.01041928586324,4.0,-0.1893933381874513,0.6459998443114469,74.14649126010087,109.56243540560264,68.26667409850714,94.8976317598144,107.31876653788225,0,117.34807020448714,1
2009-07-01,2009-Q3,2009,3,112.53505410097297,0.12713348905343758,117.7446914693806,110.49186051392553,94.33596708182777,77.44688377652257,69.06463526612133,4.0,-0.07201603440682161,1.094623655365527,76.03541191812559,110.40403508772515,67.66003273494317,94.88054638202955,107.94743952508298,0,117.7446914693806,1
2009-10-01,2009-Q4,2009,4,112.4292548999027,-0.09401444013643295,118.2996415192851,110.64763955100827,94.24449294659382,77.72180935505664,69.24651994464298,4.0,-0.3718250247274335,1.2074474582151955,77.2742442568512,110.4108528075004,67.8129341807179,94.79234897826792,108.13540066518927,0,118.2996415192851,1
2010-01-01,2010-Q1,2010,1,113.07845568516862,0.577430479143452,118.72397701357467,110.46769537707812,95.01804391755753,77.96266132855048,69.33281765559572,4.0,-0.17097865320843894,0.9658088085663363,76.81643266909863,110.73368661099941,67.65014267772753,94.751830307861,108.08652004390343,0,118.72397701357467,1
2010-04-01,2010-Q2,2010,2,113.18946110716713,0.09816672975052435,119.22533377451235,110.31978630804768,94.78447059568978,78.12392621720714,68.92910189576945,4.0,0.07025881676502432,0.8902269678569998,77.33472324472008,111.53427750311931,67.97369598828278,94.76847318657038,108.08456974731382,0,119.22533377451235,1
2010-07-01,2010-Q3,2010,3,113.17435546043257,-0.013345453354761644,119.29391990744789,110.93173656100376,95.0137382854189,78.68148312135462,68.94215285444113,4.0,0.008257463827673228,1.1444568662743984,78.90060435293617,111.94944562601596,68.73538105860092,94.77042955466872,107.88750228361612,0,119.29391990744789,1
2010-10-01,2010-Q4,2010,4,113.20013718659511,0.022780537214167132,119.64505640516516,110.90889973470394,95.0717717760774,78.29896172265781,68.91708155528205,4.0,-0.4091143268393592,1.1438931696260615,77.88522718853534,111.84394835519996,68.86629658069643,94.67349970343989,107.92250585045254,0,119.64505640516516,1
2011-01-01,2011-Q1,2011,1,113.31920624129324,0.10518454982245715,119.8275279189336,111.34928768124469,94.86027754305044,78.54051185796162,69.23290069265731,4.0,-0.2307502856501602,1.5602406442632903,79.74325108163889,112.24218629900612,69.19850143278134,94.61888486068972,108.04442820908939,0,119.8275279189336,1
2011-04-01,2011-Q2,2011,2,113.02430747208601,-0.26023723514203445,119.76876504280716,111.54626539087558,95.12035565922051,78.18057806657212,69.3060415188011,4.0,-0.1879287750325705,1.6807588316769193,80.01422150615244,112.4189219483272,69.67676494383316,94.57443083287268,108.08135430188425,0,119.76876504280716,1
2011-07-01,2011-Q3,2011,3,113.05969791151772,0.0313122373613692,119.60069125643284,111.38842885741937,95.52154097045664,78.85716739889959,69.84434330786925,4.0,-0.28941577077604413,1.3016290942107234,79.86655511683458,112.25965085224074,69.24571643030201,94.50600250338468,108.01796391276369,0,119.60069125643284,1
2011-10-01,2011-Q4,2011,4,112.55467955259428,-0.4466829190704827,120.14212002525548,111.85981951743675,95.74172131329266,79.19539460550574,70.05511939945949,4.0,-0.6439283630745902,1.2691459115960637,80.51776512589052,112.9775534380177,69.4750998550124,94.35386476465285,108.17223846896192,0,120.14212002525548,1
2012-01-01,2012-Q1,2012,1,112.74939816423104,0.17299912576782453,120.02816011201993,113.04204103756263,95.27878650111278,79.22296284586058,70.3306842151892,4.0,-0.4527794126901078,1.0598287732603633,80.81442397900445,112.85063374114549,70.33284622412987,94.2470610459699,108.21007726293016,0,120.02816011201993,1
2012-04-01,2012-Q2,2012,2,112.29812840528714,-0.4002413904565346,120.7405781148762,113.17101966840684,96.3702922353214,79.83904336056044,70.39578621008782,4.0,-0.5134868811244911,1.163814876125838,79.79450761946188,113.39956411361845,70.19849573098092,94.1260744723908,108.41010859928357,0,,1
2012-07-01,2012-Q3,2012,3,112.82736264971948,0.4712761040168962,120.76420078175732,113.11042653038564,96.43287992087708,80.06946278598168,70.72667998962815,4.0,-0.742412415506492,0.8195323799248275,80.83511609500232,113.57705965192928,71.06068551571097,93.95137355661282,108.7938331811153,0,120.76420078175732,1
2012-10-01,2012-Q4,2012,4,112.69966212554188,-0.11318222918500848,120.90123865784888,112.99314142918915,97.06920171199488,80.12268544775645,71.021324319235,4.0,-0.3982463081087245,0.8742090437018406,81.90565110525444,113.57750375646499,71.34149053114942,93.85783408746116,108.68713540171355,0,120.90123865784888,1
2013-01-01,2013-Q1,2013,1,112.71799013182203,0.016262698516101015,121.32076529731125,113.60185881779779,97.13209937553826,80.66432352290882,70.72975116861959,4.0,-0.24800612053978727,0.9753288413512943,82.78091191651897,113.93448334848156,70.77451750882507,93.79964079417542,108.46410859919682,0,121.32076529731125,1
2013-04-01,2013-Q2,2013,2,112.83762686617517,0.10613810112585588,121.46116523043986,113.96337149479028,99.15905748547513,80.45925655205235,70.69030171263394,4.0,-0.3076442237848025,0.7722870708081653,83.25855699467539,113.7603742950094,70.77003566597473,93.72749849996687,108.73900984755075,0,121.46116523043986,1
2013-07-01,2013-Q3,2013,3,113.46538138582756,0.5563343869300886,122.35821955776116,113.41027696301603,98.78481280381037,80.35564561065536,70.88475411863052,4.0,-0.6181848236460004,0.5857463376162315,81.89428715070108,114.42314816616093,70.97238701990099,93.58264620713942,108.96909827205218,0,122.35821955776116,1
2013-10-01,2013-Q4,2013,4,113.75324130024433,0.25369845048855383,122.55317803052758,113.0830164707717,97.84168392772179,80.5960293759303,70.82679848534468,4.0,-0.5475254063395731,0.8295119520233845,81.66814567747333,114.7748716358232,71.18889184278189,93.45454901616218,108.88196723545134,0,122.55317803052758,1
2014-01-01,2014-Q1,2014,1,113.9117128948386,0.13931171787536517,122.90632150594648,112.55432284869379,97.11030093100148,80.20405388735155,70.83505693276624,4.0,-0.38210989912678683,0.6548420770213967,82.01323605889085,114.72485472985966,70.48810079262302,93.3652742454184,108.92141814353545,0,122.90632150594648,1
2014-04-01,2014-Q2,2014,2,113.97108465399612,0.052120855396423076,123.47942487481372,112.70007272772774,96.87068794594984,81.23218875021036,70.82625091422351,4.0,-0.3372533354204382,0.5232340695712987,82.01743075047423,114.75241942858271,70.03110138602331,93.28655487003913,108.90132648541864,0,123.47942487481372,1
2014-07-01,2014-Q3,2014,3,114.05988330292558,0.0779133138892566,124.09051467394089,113.88220105865487,97.89134284501186,81.26540696670658,70.8825527234439,4.0,-0.21682484155413095,0.8735959734796285,80.8567451846456,115.12244740248293,70.65414988216784,93.23598776384206,109.04312547219459,0,124.09051467394089,1
2014-10-01,2014-Q4,2014,4,113.56944171050827,-0.42998605488205205,124.95510579124334,113.93415768707443,97.66818857372488,81.70375064429805,71.22275282581029,4.0,-0.07880790107563101,1.0675124381632277,80.16471532178696,115.07555972447338,71.34426121439708,93.21761843259111,109.11836127526749,0,124.95510579124334,1
2015-01-01,2015-Q1,2015,1,113.65521042323924,0.0755209424640716,125.1596125834322,114.2299088239864,98.04388008837007,81.53579742227741,71.4554354956879,4.0,-0.19692032955511765,1.197368978497731,81.15727985845804,114.9552680645889,71.22813625004605,93.17172732223588,108.9353972822017,0,125.1596125834322,1
2015-04-01,2015-Q2,2015,2,113.19378130074679,-0.4059902936030318,124.44223674898485,113.77880209933402,97.96979752956969,81.95274856220497,71.56037960708817,4.0,-0.1425022204118027,1.660871450453493,80.54459314651048,115.6047077266535,71.35099056148916,93.13853437717833,108.62223694150914,0,124.44223674898485,1
2015-07-01,2015-Q3,2015,3,113.40883453608737,0.1899867933285155,124.62232680743149,113.54173778369406,97.81363407176386,81.98307748396851,71.60031846402721,4.0,-0.4391612564810854,1.35673313014107,80.36660561337773,115.32467006650866,71.5914642934719,93.0362772877186,108.61276929661777,0,124.62232680743149,1
2015-10-01,2015-Q4,2015,4,113.50576190797005,0.08546721450686864,125.56588022917289,113.94302692011235,96.93301750554824,82.39175374443442,71.95655819864811,4.0,-0.4051332444637179,1.3356360737083124,80.13856656537041,115.018582574545,72.19059633533317,92.94204706554261,108.69719130967447,0,125.56588022917289,1
2016-01-01,2016-Q1,2016,1,114.4609136729943,0.8415006859287536,126.05721689023906,113.91919106879969,97.54305925434625,82.36700686141944,71.803235370407,4.0,-0.5209443451940715,1.1740555214641373,80.07743129323225,115.7874872080444,72.37961591565477,92.82100298091872,108.74857368578145,0,126.05721689023906,1
2016-04-01,2016-Q2,2016,2,115.27633758682235,0.7124038133730539,126.83206675689927,113.50349884054968,97.97991713100451,82.15484273283279,72.08662464817647,4.0,-0.7918206805078314,1.0886310427443404,80.83461593510701,116.26628748671814,72.79091945122977,92.63725900655429,108.46271530775799,0,126.83206675689927,1
2016-07-01,2016-Q3,2016,3,116.03113106703358,0.654768789512209,127.4906969524455,114.44567174782507,97.37809049527122,81.71506423107752,72.63786014571566,4.0,-0.49041266022625607,0.927900845602754,80.969009371091,116.5219298086892,72.58408171664874,92.5236827949906,108.56103013517888,0,127.4906969524455,1
2016-10-01,2016-Q4,2016,4,115.93088055552391,-0.08639966756142581,127.43227564007091,115.12235200571511,99.04659116309158,81.91129114773179,72.71362752851935,4.0,-0.2147190449024855,1.4061302246348437,82.07657446271249,117.197736795222,73.3542459582424,92.4740163029891,108.5980712117368,0,127.43227564007091,1
2017-01-01,2017-Q1,2017,1,116.60699419685183,0.583204093756627,127.75236249110347,115.45048545593482,99.31973451502455,82.7629490836845,72.94353465640596,4.0,0.08146935302884195,1.549728784821493,82.60016094156198,117.70341688544778,73.98828831200471,92.49285079868956,108.71451836653513,0,127.75236249110347,1
2017-04-01,2017-Q2,2017,2,116.55032997131318,-0.04859419105082993,128.06592852724557,115.83852564286265,98.79573155075214,82.9265208099248,73.18727249756118,4.0,0.159892006294168,1.3552972138837667,82.57122003883468,117.84541907033606,74.34306101970165,92.52982296739474,108.86114363997805,0,128.06592852724557,1
2017-07-01,2017-Q3,2017,3,116.68111774815716,0.11221570704790655,128.3294509842458,115.24775848533436,99.52123795789056,82.87247090194381,73.4774153347828,4.0,-0.055916029664758886,1.381357626673515,81.38178064616184,117.4095031877534,74.68811125726586,92.51688821657994,109.33551764740402,0,128.3294509842458,1
2017-10-01,2017-Q4,2017,4,116.6231515678519,-0.04967914382717367,128.61800271473592,115.93837851632959,98.89282886915124,83.51578435995695,73.55441143973059,4.0,0.029729303272728158,1.6615901160834696,81.19429077152259,117.53865400305719,74.77646117330669,92.52376437314905,109.71451299329077,0,128.61800271473592,1
2018-01-01,2018-Q1,2018,1,117.47307516545014,0.7287777651110317,128.74810706872947,115.73426620763323,98.8312296748745,83.69295990387319,73.91951989425037,4.0,-0.23895636392531436,1.4426062140992268,81.59897706475331,117.98999724568094,74.79498008962712,92.46849151737082,110.25922056106293,0,128.74810706872947,1
2018-04-01,2018-Q2,2018,2,117.99018154613229,0.4401914055232172,128.92802843408464,116.14512568231417,99.08751701630926,83.99059160737326,74.25705838330065,4.0,-0.5833093733256565,1.6232274012781203,80.91760917092073,117.34862256453188,75.45011137573209,92.3336471727724,110.23832215760378,0,128.92802843408464,1
2018-07-01,2018-Q3,2018,3,118.77811843919082,0.6677986953943794,129.1695443683111,116.2821470459003,98.91222847216976,83.82387033536934,74.02675921205778,4.0,-0.7918742276072801,1.9238369577611165,81.30741359039942,117.84244810736969,75.69797692292366,92.15085558392965,109.80675122086342,0,129.1695443683111,1
2018-10-01,2018-Q4,2018,4,118.82247023030672,0.03734003509964713,129.29834192631418,116.79622092234514,99.4322181234243,83.99175439306661,74.48142191062766,4.0,-0.8,1.733584940518992,80.70383892424238,117.6145453536586,75.19145946449648,91.96655387276179,109.68468038693729,0,129.29834192631418,1
2019-01-01,2019-Q1,2019,1,119.1625953709692,0.2862464818339636,129.83593483106756,116.9696105639452,100.54438642597582,84.96418315728599,74.96292546931733,4.0,-0.43417190000976197,1.398715771880506,80.33086926424804,117.84927977374967,74.84200772986497,91.86673063918107,109.50381361430118,0,,1
2019-04-01,2019-Q2,2019,2,119.15860848634976,-0.003345751749553691,130.2587623781415,117.30475161913046,100.86488871404262,85.47686407633361,75.15597043886925,4.0,-0.19586401474420417,1.3256460009321684,80.47376803197474,118.60073452650688,75.67504867212014,91.82174717247004,109.18308697974516,0,130.2587623781415,1
2019-07-01,2019-Q3,2019,3,119.13360833821717,-0.020980564014766695,130.51495083400835,117.92791780091272,99.99277748174867,85.63264509407871,75.57373239502701,4.0,-0.51234252254602,1.2459951080187435,79.19560230248557,118.49710267686886,76.01127822709304,91.70413670854272,109.70729484804625,0,130.51495083400835,1
2019-10-01,2019-Q4,2019,4,119.0379563803413,-0.08028965059491838,131.00809880054726,117.89189876323456,99.52705875782209,85.49288818286118,75.95813865931635,4.0,-0.624093713877519,1.4970515923830718,80.1096656940467,118.58680324323008,76.80485285197413,91.5610567704018,109.81051493096466,0,131.00809880054726,1
2020-01-01,2020-Q1,2020,1,119.46394192198242,0.35785690093675643,131.40768547881555,117.45005061014484,100.44439165340027,85.56426003809331,76.10039236498574,4.0,-0.1471963022020772,1.9428938988134197,80.639338814365,118.91190654799817,77.32839413128909,91.527363147946,109.69586859416293,0,131.40768547881555,1
2020-04-01,2020-Q2,2020,2,119.13775387134905,-0.2730431001903534,131.14386946290873,115.37653476045315,97.70826231915247,85.30549221264927,76.56440796941028,4.255590610715521,-0.3025215134607452,0.9450371904355835,75.89462083748953,118.59660695243474,76.65402317271148,91.45814065688954,110.06082313612923,1,131.14386946290873,1
2020-07-01,2020-Q3,2020,3,119.11648659960265,-0.017850992699895346,131.24493000155067,115.00833301734731,97.86061659026983,85.67564870594252,76.79355570230534,4.0,-0.06483221781878501,1.1114984340013465,76.78303466152472,119.0168401806185,76.77497029507225,91.44331707164862,110.04665497742542,0,131.24493000155067,1
2020-10-01,2020-Q4,2020,4,118.62334734264418,-0.4139974835021083,130.75263605371555,115.68357689216438,98.55794620136115,86.34776624029386,77.08643325033684,4.0,0.02197875934289309,1.5501191041055298,76.98125837442898,119.11314994959777,76.33261070967411,91.4483415982972,110.14128023440769,0,130.75263605371555,1
2021-01-01,2021-Q1,2021,1,119.08688513075349,0.3907643802786665,130.9226852141812,115.5378914511127,98.02832738717584,86.69714466171921,76.5825827402032,4.0,-0.056349192610575666,1.331048034034607,78.87169877867444,119.80326763090017,76.36534825583924,91.4354589977606,109.87933457293641,0,130.9226852141812,1
2021-04-01,2021-Q2,2021,2,118.94103589431242,-0.12247296272878785,131.09268814380232,115.2370041820568,97.56153496018746,86.5186504723108,76.33396186192685,4.0,-0.09900201334068781,1.2776538997522462,79.86087631761868,119.58926643319904,76.37956445839004,91.41282826143184,110.03807008462086,0,131.09268814380232,1
2021-07-01,2021-Q3,2021,3,118.34789252402153,-0.49868690467597737,131.0563236824857,114.59944972800447,98.95028839929945,86.96901298214318,76.86409015310952,4.0,-0.21912261326110932,1.4003679830817306,80.987490430062,120.23815490091437,76.27825960974197,91.36275171689626,110.12122001604978,0,131.0563236824857,1
2021-10-01,2021-Q4,2021,4,118.51518673801034,0.1413580000631126,131.44105936618612,115.54419082607546,99.07800857434867,86.05929525723444,77.24274985669621,4.0,-0.24687922451661723,1.357703125983941,81.50004406772,120.74453717722373,77.47331551717679,91.30636280366232,110.42333381600733,0,131.44105936618612,1
2022-01-01,2022-Q1,2022,1,119.12948047373824,0.518324910617451,131.75135561477137,115.39118701349608,98.74697600648572,85.48398944041853,77.01279483226853,4.0,-0.5351623181647676,1.5457936906106915,83.08309853080559,121.74995547575672,77.5767726807307,91.18420349170933,110.22405064032634,0,131.75135561477137,1
2022-04-01,2022-Q2,2022,2,119.73636257813604,0.5094306648400018,131.7914991199112,115.40883089967696,97.94706266727223,85.58503608020926,76.90684500596142,4.0,-0.3829616696213275,1.5995436767979105,82.1137468190189,122.50964803127415,78.22377945127275,91.09690335467863,110.15424414128826,0,131.7914991199112,1
2022-07-01,2022-Q3,2022,3,119.85645269470994,0.10029544408077545,130.9576860735071,115.89259475928239,97.03526593374546,85.42404818910865,76.70939792418744,4.0,-0.13948590466516964,1.4662217628769947,82.12741148277223,122.6925882306315,77.80758419723661,91.06513651973708,110.25589168397366,0,130.9576860735071,1
2022-10-01,2022-Q4,2022,4,119.54765042121055,-0.25764342808138474,131.18086431957147,116.72495096240593,97.46975733581692,85.01483182107236,76.29969601392428,4.0,-0.1593068682530963,1.3858590973561489,82.22309903677088,122.80067631848028,77.43551376854184,91.02886826547208,110.22132281382659,0,131.18086431957147,1
2023-01-01,2023-Q1,2023,1,120.16184320238756,0.5137639920257706,130.99398182374406,117.10077055368225,98.00764741515323,86.15823526397556,76.10565231693558,4.0,-0.46712125272919636,1.312192367633266,81.11156175397225,122.60971090706867,77.1782184587631,90.92256446802537,109.92358512805285,0,130.99398182374406,1
2023-04-01,2023-Q2,2023,2,120.21861731755006,0.04724803951856246,131.1754519840087,117.51715071855807,98.7029896858296,85.77363271871353,76.34215403152825,4.0,-0.36903450062460186,1.5324989437894907,81.38305064241642,122.49829104776981,77.51514439970283,90.83868056009045,109.7752397252856,0,,1
2023-07-01,2023-Q3,2023,3,120.01712853530944,-0.16760197940756438,131.55933614556497,117.42837225059097,100.81026254697328,86.40624330094766,76.42356607508854,4.0,-0.42283378140077305,1.6268710782098676,81.63480177116828,122.33790865641595,77.9403067680167,90.74265640309375,110.11307851826639,0,131.55933614556497,1
2023-10-01,2023-Q4,2023,4,120.49573239954809,0.39877963260706994,131.69634290385238,117.48574144124422,100.1135517067022,86.03998456650709,76.21032841706887,4.0,-0.256855286941805,1.7718650842592205,83.0749559852328,122.23167333920938,77.13950018224408,90.68438707547305,110.23958277854938,0,131.69634290385238,1
2024-01-01,2024-Q1,2024,1,121.09401662257481,0.49651901450160413,131.73022371315753,117.38689894738688,101.11013942411924,86.34129459549133,76.29849576741714,4.0,-0.12110652097023786,1.7932948879143364,84.07917314933715,122.54614463801532,77.29143978751438,90.65693089891047,110.37205881540419,0,131.73022371315753,1
2024-04-01,2024-Q2,2024,2,121.46494325663782,0.30631293304864343,132.4650642667611,116.89483326846258,102.20532071831673,86.44177102415087,76.52096191775799,4.0,-0.23911038672432788,1.6027348557042913,83.00335123157163,123.28023868703352,77.42160354726398,90.60273836439428,110.75423584936169,0,132.4650642667611,1
2024-07-01,2024-Q3,2024,3,121.68045179582764,0.1774244760765727,132.3801878478857,118.1635914679103,102.16827760162343,86.8318784998691,76.41559295702228,4.0,0.08646786744820772,1.4097301558778628,82.79815404328235,123.25358175055221,77.58851843477396,90.62232392832263,111.0764304507785,0,132.3801878478857,1
2024-10-01,2024-Q4,2024,4,122.00960365793749,0.2705051281878369,132.781632923418,118.78521841715336,102.05414845320159,87.01490470942049,76.84297069277625,4.0,-0.3543949760921938,1.3661929185112758,81.25151020039672,123.51930278737588,77.32868144039016,90.54203368751763,111.5333102202521,0,132.781632923418,1
2025-01-01,2025-Q1,2025,1,122.54916354341708,0.44222738973259856,133.3063706611518,118.88526373070968,102.97782931080529,87.31474005562745,76.86261734370139,4.0,-0.36683471578472904,1.1920263697869347,82.03194346166687,123.65669909104443,77.45625962714631,90.4589987845318,111.5514894419751,0,133.3063706611518,1
2025-04-01,2025-Q2,2025,2,122.35912765812013,-0.1550691002714417,132.57006084018772,118.88540360154356,103.05881832700645,87.20226813805694,76.88560847284904,4.0,0.02913044621434091,1.3506544141002872,81.94178060263152,123.38023784893218,77.3176369612512,90.46558656202853,111.60399194138851,0,132.57006084018772,1
2025-07-01,2025-Q3,2025,3,122.81508383421153,0.3726376485499225,133.119814945039,119.3330894142322,103.30197801998085,86.64535576933628,77.34640853768337,4.0,-0.2434685898372285,1.2396693425062872,81.2175943442345,123.45264266821803,77.62878450533921,90.4105227400559,111.68029284562249,0,133.119814945039,1
2025-10-01,2025-Q4,2025,4,122.53374636717267,-0.22907403411345795,133.3628933121578,118.86019316229135,103.52753290268063,86.96225489725721,76.93455943877706,4.0,-0.29378368598357874,1.5413338766744467,81.71683444975393,123.44334590005282,77.5626604748537,90.34411989850021,111.89466882015552,0,133.3628933121578,1
